{"content":[{"id":"75f5561e","settings":{"content_width":"full"},"elements":[{"id":"cd1d47f","settings":{"navigation_menu_name":"Menu","navigation_menu":"right-sidebar","primary_cta_button_text":"Contact Us","primary_cta_button_link":{"url":"https:\/\/library.elementor.com\/portfolio-wireframe-1-hp\/contact\/","is_external":"","nofollow":"","custom_attributes":""},"secondary_cta_button_text":"Contact Us","style_navigation_text_color":"#FFFFFF","style_navigation_text_color_hover":"#E9EAEB","style_navigation_text_color_active":"#FFFFFF","menu_item_spacing_mobile":{"unit":"px","size":"40","sizes":[]},"primary_hover_button_text_color":"#FFFFFF","primary_show_button_border":"yes","primary_button_border_color":"#FFFFFF","primary_button_shape":"round","primary_button_padding":{"unit":"px","top":"16","right":"44","bottom":"16","left":"44","isLinked":""},"box_padding":{"unit":"px","top":"","right":"","bottom":"","left":"","isLinked":""},"box_padding_tablet":{"unit":"%","top":"","right":"","bottom":"","left":"","isLinked":"1"},"box_padding_mobile":{"unit":"%","top":"","right":"","bottom":"","left":"","isLinked":"1"},"__globals__":{"style_navigation_text_color":"","style_navigation_text_color_hover":"","style_navigation_text_color_active":"","primary_button_border_color":"","primary_hover_button_text_color":"","primary_button_background_hover_color":"globals\/colors?id=86b4fcd","background_color":"","primary_button_text_color":"","style_toggle_icon_color":"","style_toggle_icon_color_active":""},"contact_buttons_repeater":[],"style_logo_width":{"unit":"px","size":140,"sizes":[]},"style_toggle_icon_color":"#FFFFFF","primary_button_text_color":"#F3BF68","primary_button_background_color":"#FFFFFF","background_color":"#F3BF68","site_logo_image":{"id":304,"url":"https:\/\/jusin.hoomix.me\/wp-content\/uploads\/2025\/12\/placeholder-3.png"},"style_toggle_icon_color_active":"#FFFFFF","primary_button_background_hover_color":"#02010100"},"elements":[],"isInner":false,"widgetType":"ehp-header","elType":"widget"}],"isInner":false,"elType":"container"}],"page_settings":{"content_wrapper_html_tag":"header"},"version":"0.4","title":"Header","type":"ehp-header"}